id,link
,
@Pamella12846186,https://twitter.com/Pamella12846186
@WayneBr96303110,https://twitter.com/WayneBr96303110
@Believer__Barro,https://twitter.com/Believer__Barro
@Lourdes26754153,https://twitter.com/Lourdes26754153
@DanAnit25432662,https://twitter.com/DanAnit25432662
@CastroMayorcakt,https://twitter.com/CastroMayorcakt
@ZhouTripp,https://twitter.com/ZhouTripp
@JulioCe89876943,https://twitter.com/JulioCe89876943
@hnnthkwpraseri1,https://twitter.com/hnnthkwpraseri1
@Sonyama84803922,https://twitter.com/Sonyama84803922
@belhumeur_vicki,https://twitter.com/belhumeur_vicki
@LorenzoFuller48,https://twitter.com/LorenzoFuller48
@billsfan4life76,https://twitter.com/billsfan4life76
@IsraelJohnny92,https://twitter.com/IsraelJohnny92
@MilzTara,https://twitter.com/MilzTara
@Armando07310913,https://twitter.com/Armando07310913
@JastanJames,https://twitter.com/JastanJames
@RANDOMFY_,https://twitter.com/RANDOMFY_
@KistaSenales,https://twitter.com/KistaSenales
@vipra_1,https://twitter.com/vipra_1
@TimmehGrikor,https://twitter.com/TimmehGrikor
@DanaePapadopou4,https://twitter.com/DanaePapadopou4
@sexylipbunz,https://twitter.com/sexylipbunz
@nickerson_bonit,https://twitter.com/nickerson_bonit
@AubreyEbo,https://twitter.com/AubreyEbo
@GirishLuhana2,https://twitter.com/GirishLuhana2
@Julieta29746245,https://twitter.com/Julieta29746245
@matt65056716,https://twitter.com/matt65056716
@IvanIvn41911423,https://twitter.com/IvanIvn41911423
@bryanwo77882099,https://twitter.com/bryanwo77882099
@SarfoJnr3,https://twitter.com/SarfoJnr3
@minka8fashion,https://twitter.com/minka8fashion
@Sir_Meechie_XL,https://twitter.com/Sir_Meechie_XL
@ItzSimone_YT,https://twitter.com/ItzSimone_YT
@BabiBeezy,https://twitter.com/BabiBeezy
@FurlandEven,https://twitter.com/FurlandEven
@MariaStelmach3,https://twitter.com/MariaStelmach3
@DJNinjaRoblox,https://twitter.com/DJNinjaRoblox
@lh_reich,https://twitter.com/lh_reich
@Heikki22989838,https://twitter.com/Heikki22989838
@Refyor,https://twitter.com/Refyor
@aleschumi123,https://twitter.com/aleschumi123
@ClayReese11,https://twitter.com/ClayReese11
@KongLikim,https://twitter.com/KongLikim
@JorgeLi12682280,https://twitter.com/JorgeLi12682280
@David86809875,https://twitter.com/David86809875
@shantus1987,https://twitter.com/shantus1987
@Myssy73786696,https://twitter.com/Myssy73786696
@TheFrogsOfEarth,https://twitter.com/TheFrogsOfEarth
@coinmastersp06,https://twitter.com/coinmastersp06
@gemsbrawlstars2,https://twitter.com/gemsbrawlstars2
@coinmas08077718,https://twitter.com/coinmas08077718
@pornchai1984,https://twitter.com/pornchai1984
@simonju42561140,https://twitter.com/simonju42561140
@NoahPlayz_YT,https://twitter.com/NoahPlayz_YT
@andrews22leona,https://twitter.com/andrews22leona
@Mahmoud97581714,https://twitter.com/Mahmoud97581714
@makeMon58968772,https://twitter.com/makeMon58968772
@TheSaiyanGod5,https://twitter.com/TheSaiyanGod5
@LeVraiRamajo,https://twitter.com/LeVraiRamajo
@Batzagard,https://twitter.com/Batzagard
@gfx_faerie,https://twitter.com/gfx_faerie
@JustMeAntDog,https://twitter.com/JustMeAntDog
@CatsOfEarth,https://twitter.com/CatsOfEarth
@RealSeliG,https://twitter.com/RealSeliG
@AMONGUS05185313,https://twitter.com/AMONGUS05185313
@Mohamma78364691,https://twitter.com/Mohamma78364691
@nooah_7,https://twitter.com/nooah_7
@BouaounKhaled,https://twitter.com/BouaounKhaled
@hasnynzeeaa,https://twitter.com/hasnynzeeaa
@STRMohmmed,https://twitter.com/STRMohmmed
@LoganWa91291609,https://twitter.com/LoganWa91291609
